id,Title,Content,SKU,"Product Type","Parent Product ID","Товар Pr Type","Product Attributes","Категории товаров",Price,"Image URL"
44,"Ролл с лососем","Маки ролл с лососем 155гр\8 шт",,simple,0,,,Роллы,209,http://worlddelete.ru/risitesto/wp-content/uploads/2019/08/ролл_с_лососем.png
46,"Сет для двоих","Ролл с лососем, Ролл с огурцом, Филадельфия с лососем, Калифорния с креветкой, 865 гр",,simple,0,,,Сеты,799,http://worlddelete.ru/risitesto/wp-content/uploads/2019/08/сет-для-двоих-8.png|http://worlddelete.ru/risitesto/wp-content/uploads/2019/08/сет-для-двоих-2.png|http://worlddelete.ru/risitesto/wp-content/uploads/2019/08/сет-для-двоих-4.png|http://worlddelete.ru/risitesto/wp-content/uploads/2019/08/сет-для-двоих-5.png|http://worlddelete.ru/risitesto/wp-content/uploads/2019/08/сет-для-двоих-6.png|http://worlddelete.ru/risitesto/wp-content/uploads/2019/08/сет-для-двоих-7.png
48,Гамбургер,"Булка для гамбургеров, котлета из говядины, кетчуп, огурцы маринованные",,simple,0,,,Бургеры,189,http://worlddelete.ru/risitesto/wp-content/uploads/2019/08/гамбургер-2.png|http://worlddelete.ru/risitesto/wp-content/uploads/2019/08/гамбургер_2-—-копия.png|http://worlddelete.ru/risitesto/wp-content/uploads/2019/08/гамбургер_2-—-копия-2.png|http://worlddelete.ru/risitesto/wp-content/uploads/2019/08/-e1579331255939.png|http://worlddelete.ru/risitesto/wp-content/uploads/2019/08/гамбургер-1.png
50,"Coca-Cola (1л)","Великий безалкогольный напиток нации!",,simple,0,,,Напитки,99,http://worlddelete.ru/risitesto/wp-content/uploads/2019/08/cola.png|http://worlddelete.ru/risitesto/wp-content/uploads/2019/08/кола.png|http://worlddelete.ru/risitesto/wp-content/uploads/2019/08/кола-5.png
53,"Стручковая фасоль","0,050гр",,simple,0,,,Добавки,40,http://worlddelete.ru/risitesto/wp-content/uploads/2019/08/стручковая-фасоль-2.jpg|http://worlddelete.ru/risitesto/wp-content/uploads/2019/08/стручковая-фасоль.jpg
90,Помидоры,"0,050гр",,simple,0,,,Добавки,40,http://worlddelete.ru/risitesto/wp-content/uploads/2019/08/помидоры-2.jpg
91,Курица,"0,050гр",,simple,0,,,Добавки,60,http://worlddelete.ru/risitesto/wp-content/uploads/2019/08/курица-2.jpg|http://worlddelete.ru/risitesto/wp-content/uploads/2019/08/бекон-2.jpg
92,Бекон,"0,050гр",,simple,0,,,Добавки,70,http://worlddelete.ru/risitesto/wp-content/uploads/2019/08/бекон-1.jpg|http://worlddelete.ru/risitesto/wp-content/uploads/2019/08/бекон.jpg|http://worlddelete.ru/risitesto/wp-content/uploads/2019/08/ветчина.jpg|http://worlddelete.ru/risitesto/wp-content/uploads/2019/08/грибы.png|http://worlddelete.ru/risitesto/wp-content/uploads/2019/08/дор-блю.jpg|http://worlddelete.ru/risitesto/wp-content/uploads/2019/08/курица-1.jpg|http://worlddelete.ru/risitesto/wp-content/uploads/2019/08/моцарелла.jpg|http://worlddelete.ru/risitesto/wp-content/uploads/2019/08/пармезан.jpg|http://worlddelete.ru/risitesto/wp-content/uploads/2019/08/перец.jpg|http://worlddelete.ru/risitesto/wp-content/uploads/2019/08/помидоры-1.jpg|http://worlddelete.ru/risitesto/wp-content/uploads/2019/08/салями-1.jpg|http://worlddelete.ru/risitesto/wp-content/uploads/2019/08/стручковая-фасоль-1.jpg|http://worlddelete.ru/risitesto/wp-content/uploads/2019/08/фета.png|http://worlddelete.ru/risitesto/wp-content/uploads/2019/08/вода2.png|http://worlddelete.ru/risitesto/wp-content/uploads/2019/08/кола-1.png|http://worlddelete.ru/risitesto/wp-content/uploads/2019/08/соки-1.png|http://worlddelete.ru/risitesto/wp-content/uploads/2019/08/fanta.png|http://worlddelete.ru/risitesto/wp-content/uploads/2019/08/pepsi.png|http://worlddelete.ru/risitesto/wp-content/uploads/2019/08/sprite.png|http://worlddelete.ru/risitesto/wp-content/uploads/2019/08/гамбургер_2-—-копия-1.png|http://worlddelete.ru/risitesto/wp-content/uploads/2019/08/фирменный_1-—-копия-1.png|http://worlddelete.ru/risitesto/wp-content/uploads/2019/08/чизбургер_1-—-копия.png|http://worlddelete.ru/risitesto/wp-content/uploads/2019/08/шеф_бургер_1-—-копия.png|http://worlddelete.ru/risitesto/wp-content/uploads/2019/08/4_стихии-2.png|http://worlddelete.ru/risitesto/wp-content/uploads/2019/08/4сыра.png|http://worlddelete.ru/risitesto/wp-content/uploads/2019/08/Вегетарианская.png|http://worlddelete.ru/risitesto/wp-content/uploads/2019/08/Маргарита-1.png|http://worlddelete.ru/risitesto/wp-content/uploads/2019/08/Морская.png|http://worlddelete.ru/risitesto/wp-content/uploads/2019/08/Мужской-сезон.png|http://worlddelete.ru/risitesto/wp-content/uploads/2019/08/Пепперони.png|http://worlddelete.ru/risitesto/wp-content/uploads/2019/08/Пицца-чили-.png|http://worlddelete.ru/risitesto/wp-content/uploads/2019/08/Цезарь.png|http://worlddelete.ru/risitesto/wp-content/uploads/2019/08/Чикен.png|http://worlddelete.ru/risitesto/wp-content/uploads/2019/08/BBQ.png|http://worlddelete.ru/risitesto/wp-content/uploads/2019/08/зеленый_дракон.png|http://worlddelete.ru/risitesto/wp-content/uploads/2019/08/кайсо_футомаки-1.png|http://worlddelete.ru/risitesto/wp-content/uploads/2019/08/калифорния_с_лососем.png|http://worlddelete.ru/risitesto/wp-content/uploads/2019/08/калифорния_с_угрем.png|http://worlddelete.ru/risitesto/wp-content/uploads/2019/08/калифорния_снежный_краб.png|http://worlddelete.ru/risitesto/wp-content/uploads/2019/08/красный_дракон.png|http://worlddelete.ru/risitesto/wp-content/uploads/2019/08/ролл_васаби.png|http://worlddelete.ru/risitesto/wp-content/uploads/2019/08/ролл_вегетерия.png|http://worlddelete.ru/risitesto/wp-content/uploads/2019/08/ролл_гинза.png|http://worlddelete.ru/risitesto/wp-content/uploads/2019/08/ролл_императорский.png|http://worlddelete.ru/risitesto/wp-content/uploads/2019/08/ролл_кани_спайси.png|http://worlddelete.ru/risitesto/wp-content/uploads/2019/08/ролл_с_лососем-1.png|http://worlddelete.ru/risitesto/wp-content/uploads/2019/08/ролл_с_мидиями.png|http://worlddelete.ru/risitesto/wp-content/uploads/2019/08/ролл_с_огурцом.png|http://worlddelete.ru/risitesto/wp-content/uploads/2019/08/ролл_с_угрем_и_огурцом.png|http://worlddelete.ru/risitesto/wp-content/uploads/2019/08/ролл_спайси_лосось_с_авокадо.png|http://worlddelete.ru/risitesto/wp-content/uploads/2019/08/ролл_темпура_креветка.png|http://worlddelete.ru/risitesto/wp-content/uploads/2019/08/ролл_темпура_лосось.png|http://worlddelete.ru/risitesto/wp-content/uploads/2019/08/Ролл_темпура_угорь.png|http://worlddelete.ru/risitesto/wp-content/uploads/2019/08/ролл_фудзияма.png|http://worlddelete.ru/risitesto/wp-content/uploads/2019/08/филадельфия_с_лососем.png|http://worlddelete.ru/risitesto/wp-content/uploads/2019/08/филадельфия_с_угрем.png|http://worlddelete.ru/risitesto/wp-content/uploads/2019/08/филадельфия_тобико.png|http://worlddelete.ru/risitesto/wp-content/uploads/2019/08/якудза.png|http://worlddelete.ru/risitesto/wp-content/uploads/2019/08/smoke_ролл.png|http://worlddelete.ru/risitesto/wp-content/uploads/2019/08/сет-для-двоих-3.png|http://worlddelete.ru/risitesto/wp-content/uploads/2019/08/сет-для-друзей.png|http://worlddelete.ru/risitesto/wp-content/uploads/2019/08/сет-кхалиси-1.png|http://worlddelete.ru/risitesto/wp-content/uploads/2019/08/темпура-сет.png|http://worlddelete.ru/risitesto/wp-content/uploads/2019/08/сет_филадельфия.png|http://worlddelete.ru/risitesto/wp-content/uploads/2019/08/запеченный_сет.png|http://worlddelete.ru/risitesto/wp-content/uploads/2019/08/сет_банзай.png|http://worlddelete.ru/risitesto/wp-content/uploads/2019/08/запеченная_креветка.png|http://worlddelete.ru/risitesto/wp-content/uploads/2019/08/запеченный_лосось.png|http://worlddelete.ru/risitesto/wp-content/uploads/2019/08/запеченный_угорь.png
161,"Болгарский перец","0,050гр",,simple,0,,,Добавки,50,http://worlddelete.ru/risitesto/wp-content/uploads/2019/08/перец-1.jpg
162,Фета,"0,050гр",,simple,0,,,Добавки,60,http://worlddelete.ru/risitesto/wp-content/uploads/2019/08/фета-1.png
163,Салями,"0,050гр",,simple,0,,,Добавки,60,http://worlddelete.ru/risitesto/wp-content/uploads/2019/08/салями-2.jpg
164,Грибы,"0,050гр",,simple,0,,,Добавки,50,http://worlddelete.ru/risitesto/wp-content/uploads/2019/08/грибы-1.png
165,"Дор блю","0,050гр",,simple,0,,,Добавки,120,http://worlddelete.ru/risitesto/wp-content/uploads/2019/08/дор-блю-1.jpg
166,Моцерелла,"0,100гр",,simple,0,,,Добавки,100,http://worlddelete.ru/risitesto/wp-content/uploads/2019/08/моцарелла-1.jpg
167,Пармезан,"0,050гр",,simple,0,,,Добавки,60,http://worlddelete.ru/risitesto/wp-content/uploads/2019/08/пармезан-1.jpg
168,Ветчина,"0,050гр",,simple,0,,,Добавки,70,http://worlddelete.ru/risitesto/wp-content/uploads/2019/08/ветчина-1.jpg
170,"Coca-cola(0,5)","Великий безалкогольный напиток нации!",,simple,0,,,Напитки,69,http://worlddelete.ru/risitesto/wp-content/uploads/2019/08/cola.png|http://worlddelete.ru/risitesto/wp-content/uploads/2019/08/кола-2.png|http://worlddelete.ru/risitesto/wp-content/uploads/2019/08/fanta-3.png|http://worlddelete.ru/risitesto/wp-content/uploads/2019/08/кола-3.png|http://worlddelete.ru/risitesto/wp-content/uploads/2019/08/кола-4.png
171,Fanta(1л),Fanta.Вливайся!,,simple,0,,,Напитки,99,http://worlddelete.ru/risitesto/wp-content/uploads/2019/08/fanta-5.png
172,"Fanta(0,5л)",Fanta.Вливайся!,,simple,0,,,Напитки,69,http://worlddelete.ru/risitesto/wp-content/uploads/2019/08/fanta-5.png|http://worlddelete.ru/risitesto/wp-content/uploads/2019/08/fanta-1.png|http://worlddelete.ru/risitesto/wp-content/uploads/2019/08/fanta-2.png|http://worlddelete.ru/risitesto/wp-content/uploads/2019/08/fanta-4.png
173,Pepsi(1л),,,simple,0,,,Напитки,99,http://worlddelete.ru/risitesto/wp-content/uploads/2019/08/pepsi-4.png
175,"Pepsi(0,5л)",,,simple,0,,,Напитки,69,http://worlddelete.ru/risitesto/wp-content/uploads/2019/08/pepsi-4.png|http://worlddelete.ru/risitesto/wp-content/uploads/2019/08/pepsi-1.png
176,Sprite(1л),,,simple,0,,,Напитки,99,http://worlddelete.ru/risitesto/wp-content/uploads/2019/08/sprite-3.png
178,"Sprite(0,5)",,,simple,0,,,Напитки,69,http://worlddelete.ru/risitesto/wp-content/uploads/2019/08/sprite-3.png|http://worlddelete.ru/risitesto/wp-content/uploads/2019/08/sprite-1.png|http://worlddelete.ru/risitesto/wp-content/uploads/2019/08/sprite-2.png
179,"Соки в ассортименте(1л)",,,simple,0,,,Напитки,109,http://worlddelete.ru/risitesto/wp-content/uploads/2019/08/соки-3.png
181,"Соки в ассортименте(0,2л)",,,simple,0,,,Напитки,23,http://worlddelete.ru/risitesto/wp-content/uploads/2019/08/соки-2.png
182,"Вода газ./не газ.(0,5л)",,,simple,0,,,Напитки,35,http://worlddelete.ru/risitesto/wp-content/uploads/2019/08/water.png|http://worlddelete.ru/risitesto/wp-content/uploads/2019/08/вода2-1.png|http://worlddelete.ru/risitesto/wp-content/uploads/2019/08/вода2-2.png|http://worlddelete.ru/risitesto/wp-content/uploads/2019/08/вода2-3.png
184,"Сет для друзей","Филадельфия с лососем, Калифорния со снежным крабом, Гинза, Фудзияма, Калифорния с креветкой, Спаси лосось с авокадо, Ролл с угрем и огурцом (1755 гр)",,simple,0,,,Сеты,1849,http://worlddelete.ru/risitesto/wp-content/uploads/2019/08/сет-для-друзей-2.png|http://worlddelete.ru/risitesto/wp-content/uploads/2019/08/сет-для-друзей-1.png|http://worlddelete.ru/risitesto/wp-content/uploads/2019/08/для-друзей.png
185,"Сет Кхалиси","Зеленый дракон, Красный дракон, Филадельфия с угрем (940 гр)",,simple,0,,,Сеты,1119,http://worlddelete.ru/risitesto/wp-content/uploads/2019/08/сет-кхалиси-3.png|http://worlddelete.ru/risitesto/wp-content/uploads/2019/08/сет-кхалиси-2.png|http://worlddelete.ru/risitesto/wp-content/uploads/2019/08/кхалиси.png
186,"Темпура Сет","Темпура лосось, Темпура креветка, Темпура угорь (945 гр)",,simple,0,,,Сеты,879,http://worlddelete.ru/risitesto/wp-content/uploads/2019/08/темпура-1.png|http://worlddelete.ru/risitesto/wp-content/uploads/2019/08/темпура-сет-1.png|http://worlddelete.ru/risitesto/wp-content/uploads/2019/08/темпура.png
187,"Сет Филадельфия","Филадельфия лосось, Филадельфия угорь, Филадельфия тобико ",,simple,0,,,Сеты,949,http://worlddelete.ru/risitesto/wp-content/uploads/2019/08/сет_филадельфия-1.png
188,"Запечённый сет","Запечённый лосось, Запечённая креветка,Запечённый угорь",,simple,0,,,Сеты,1049,http://worlddelete.ru/risitesto/wp-content/uploads/2019/08/запеченный_сет-1.png|http://worlddelete.ru/risitesto/wp-content/uploads/2019/08/запеченный-сет.png|http://worlddelete.ru/risitesto/wp-content/uploads/2019/08/запеченный_сет2.png|http://worlddelete.ru/risitesto/wp-content/uploads/2019/08/запеченный_сет2-1.png
189,"Сет Банзай","Филадельфия тобико,Якудза, Ролл Спайси,Ролл васаби,Каникулы спайси",,simple,0,,,Сеты,1149,http://worlddelete.ru/risitesto/wp-content/uploads/2019/08/сет_банзай-2.png
190,"Ролл Спайси Лосось с авокадо","Пикантный маки ролл с лососем авокадо и соусом Ким чи (165гр\8шт)",,simple,0,,,Роллы,209,http://worlddelete.ru/risitesto/wp-content/uploads/2019/08/ролл_спайси_лосось_с_авокадо.png
191,"Ролл с мидиями","Маки ролл с запечными в маринаде мидиями и соусом спайси (155гр\ 8шт)",,simple,0,,,Роллы,169,http://worlddelete.ru/risitesto/wp-content/uploads/2019/08/ролл_с_мидиями.png
192,"Ролл кани спайси","Маки ролл со снежным крабом и соусом спайси (145гр\8шт)",,simple,0,,,Роллы,169,http://worlddelete.ru/risitesto/wp-content/uploads/2019/08/ролл_кани_спайси.png
193,"Ролл с угрем и огурцом","Маки ролл с копченым угрем, огурцом, соусом унаги и жареным кунжутом (180гр\8шт)",,simple,0,,,Роллы,299,http://worlddelete.ru/risitesto/wp-content/uploads/2019/08/ролл_с_угрем_и_огурцом.png
194,"Филадельфия с лососем","Ролл со сливочным сыром, огурцом, икрой летучей рыбы и лососем (285гр\8шт)",,simple,0,,,Роллы,319,http://worlddelete.ru/risitesto/wp-content/uploads/2019/08/филадельфия_с_лососем.png
195,"Филадельфия с угрем","Ролл со сливочным сыром, огурцом, икрой летучей рыбы , копченым угрем, соусом унаги и жареным кунжутом (305гр)",,simple,0,,,Роллы,449,http://worlddelete.ru/risitesto/wp-content/uploads/2019/08/филадельфия_с_угрем.png
196,"Филадельфия тобико","Ролл со сливочным сыром,огурцом,лососем м\с и икрой летучей рыбы (280 гр.)",,simple,0,,,Роллы,349,http://worlddelete.ru/risitesto/wp-content/uploads/2019/08/филадельфия_тобико.png
198,"Калифорния с Лососем","Ролл с лососем м\c, японским майонезом, огурцом,авокадо и икрой летучей рыбы ( 270гр\8шт)",,simple,0,,,Роллы,339,http://worlddelete.ru/risitesto/wp-content/uploads/2019/08/калифорния_с_лососем-1.png
199,"Калифорния снежный краб","Ролл со снежным крабом, японским майонезом, огурцом,авокадо и икрой летучей рыбы (270гр\8шт)",,simple,0,,,Роллы,269,http://worlddelete.ru/risitesto/wp-content/uploads/2019/08/калифорния_снежный_краб-1.png
200,"Калифорния с угрем","Ролл с копченым угрем, японским майонезом, огурцом, авокадо и икрой летучей рыбы (285гр\8шт)",,simple,0,,,Роллы,379,http://worlddelete.ru/risitesto/wp-content/uploads/2019/08/калифорния_с_угрем-1.png
201,"Красный дракон","Ролл с копченым угрем, лососем м\с, сливочным сыром, салатом чука, икрой летучей рыбы, огурцом и японским майонезом(315гр\8шт)",,simple,0,,,Роллы,489,http://worlddelete.ru/risitesto/wp-content/uploads/2019/08/красный_дракон-1.png
202,"Зеленый дракон","Ролл с копченым угрем, лососем м\с, сливочным сыром, салатом чука, икрой летучей рыбы, огурцом, авокадо, соусом унаги и жареным кунжутом (320 гр\8шт)",,simple,0,,,Роллы,399,http://worlddelete.ru/risitesto/wp-content/uploads/2019/08/зеленый_дракон-1.png
203,"Ролл Фудзияма","Ролл с двумя видами икры летучей рыбы, запеченым лососем, сливочным сыром и огурцом (290 гр\8шт)",,simple,0,,,Роллы,359,http://worlddelete.ru/risitesto/wp-content/uploads/2019/08/ролл_фудзияма-1.png
204,"Smoke ролл","Ролл с копченым лососем, сливочным сыром, авокадо (280 гр\8шт)",,simple,0,,,Роллы,309,http://worlddelete.ru/risitesto/wp-content/uploads/2019/08/smoke_ролл-1.png
205,"Кайсо Футомаки","Ролл с запечным лососем, сливочным сыром, морковью, авокадо, икрой летучей рыбы, салатом чука и ореховым соусом (285\8шт)",,simple,0,,,Роллы,329,http://worlddelete.ru/risitesto/wp-content/uploads/2019/08/кайсо_футомаки-2.png
208,Якудза,"Пикантный ролл с запечеными мидиями, огурцом, авокадо, соусом спайси и перцем Чили ( 265гр\8шт)",,simple,0,,,Роллы,319,http://worlddelete.ru/risitesto/wp-content/uploads/2019/08/якудза.png
209,"Ролл Васаби","Ролл с лососем м\с, тигровыми креветками, сливочным сыром, авокадо и икрой летучей рыбы с васаби (300гр\8шт)",,simple,0,,,Роллы,379,http://worlddelete.ru/risitesto/wp-content/uploads/2019/08/ролл_васаби-1.png
210,"Ролл Гинза","Футомаки ролл с тигровыми креветками, авокадо, сливочным сыром, лососем м\с и красной икрой (325гр\8шт)",,simple,0,,,Роллы,519,http://worlddelete.ru/risitesto/wp-content/uploads/2019/08/ролл_гинза-1.png
211,"Ролл Вегетерия","Футомаки ролл с морковью, авокадо, сладким перцем, томатами и огурцом(290 гр\8шт)",,simple,0,,,Роллы,249,http://worlddelete.ru/risitesto/wp-content/uploads/2019/08/ролл_вегетерия-1.png
212,"Ролл императорский","Ролл лососем м\с, тигровыми креветками, сливочным сыром, авокадо, огурцом и икрой летучей рыбы (320 гр\8шт)",,simple,0,,,Роллы,389,http://worlddelete.ru/risitesto/wp-content/uploads/2019/08/ролл_императорский-1.png
214,"Ролл Темпура лосось","Жареный с сухарях Панно ролл с лососем м\с, сливочным сыром, икрой летучей рыбы и листьями салата(315гр\8шт)",,simple,0,,,Роллы,319,http://worlddelete.ru/risitesto/wp-content/uploads/2019/08/ролл_темпура_лосось-1.png
215,"Ролл Темпура креветка","Жареный в сухарях Панно ролл с тигровыми креветками, сливочным сыром, икрой летучей рыбы и листьями салата (315гр\8шт)",,simple,0,,,Роллы,309,http://worlddelete.ru/risitesto/wp-content/uploads/2019/08/ролл_темпура_креветка-1.png
216,"Ролл Темпура угорь","Жареный с сухарях Панно ролл с копченым угрем, сливочным сыром, икрой летучей рыбы и листьями салата (315гр\8шт)",,simple,0,,,Роллы,419,http://worlddelete.ru/risitesto/wp-content/uploads/2019/08/Ролл_темпура_угорь-1.png
217,"Ролл с огурцом","Маки ролл с огурцом (155гр\8шт)",,simple,0,,,Роллы,129,http://worlddelete.ru/risitesto/wp-content/uploads/2019/08/ролл_с_огурцом-1.png
218,"Запеченный угорь","Отличный ролл с угрем авокадо и лососем, панированный в кунжуте под соусом унаги",,simple,0,,,Роллы,499,http://worlddelete.ru/risitesto/wp-content/uploads/2020/02/запеченный-угорь.png|http://worlddelete.ru/risitesto/wp-content/uploads/2019/08/запеченный_угорь-1.png|http://worlddelete.ru/risitesto/wp-content/uploads/2019/08/запеченный-угорь.png
220,"Запеченный лосось","Вкуснейший запеченный лосось, панированный в икре тобико, под вкусным сырным кремом",,simple,0,,,Роллы,399,http://worlddelete.ru/risitesto/wp-content/uploads/2020/02/запеченный-лосось.png|http://worlddelete.ru/risitesto/wp-content/uploads/2019/08/запеченный_лосось-1.png|http://worlddelete.ru/risitesto/wp-content/uploads/2019/08/запеченный-лосось.png
222,"Запеченная креветка","Ролл с креветкой, авокадо, снежным крабом под сырно-соевым кремом, панированный в икре тобико",,simple,0,,,Роллы,319,http://worlddelete.ru/risitesto/wp-content/uploads/2020/02/запеченная-креветка.png|http://worlddelete.ru/risitesto/wp-content/uploads/2019/08/запеченная_креветка-1.png|http://worlddelete.ru/risitesto/wp-content/uploads/2019/08/запеченная-креветка.png
224,Фирменная,"Пицца на красном соусе с охотничьими колбасками, ветчиной, кур.филе, помидорами, луком Ялта ",,simple,0,,,Пицца,599,http://worlddelete.ru/risitesto/wp-content/uploads/2019/08/фирменная_1.png
226,"Чикен Чиз","Пицца на белом соусе,сырном соусе с грибами, кур.филе и помидорами",,simple,0,,,Пицца,519,http://worlddelete.ru/risitesto/wp-content/uploads/2019/08/чикен_чиз2.png
228,Маргарита,"Пицца на красном соусе с сыром моцарелла и томатами",,simple,0,,,Пицца,339,http://worlddelete.ru/risitesto/wp-content/uploads/2019/08/Маргарита-3.png|http://worlddelete.ru/risitesto/wp-content/uploads/2019/08/Маргарита-2.png
229,"4 стихии","Пицца на красном соусе с сыром моцарелла, запечной курицей, грибами, томатами, ветчиной, салями, дор блю, Фетой, ялтинским луком, беконом,охотн колбасками",,simple,0,,,Пицца,599,http://worlddelete.ru/risitesto/wp-content/uploads/2019/08/4_стихии-3.png
230,Чикен,"Пицца на красном соусе с запеченным куриным филе, шампиньонами, болгарским перцем, томатами и сыром моцарелла",,simple,0,,,Пицца,499,http://worlddelete.ru/risitesto/wp-content/uploads/2019/08/Чикен-1.png
231,"Мужской сезон","Пицца на красном соусе с сыром моцарелла, помидорами, салями, ветчиной, беконом, охотн. Колбасками и луком Ялта",,simple,0,,,Пицца,569,http://worlddelete.ru/risitesto/wp-content/uploads/2019/08/Мужской-сезон-1.png
232,Пепперони,"Пицца на красном соусе с салями, сыром моцарелла и маслинами",,simple,0,,,Пицца,479,http://worlddelete.ru/risitesto/wp-content/uploads/2019/08/Пепперони-1.png
233,BBQ,"Пицца на красном соусе с запеченным куриным филе, ветчиной, болгарским перцем, ялтинским луком, сыром моцарелла и соусом Барбекю",,simple,0,,,Пицца,519,http://worlddelete.ru/risitesto/wp-content/uploads/2019/08/BBQ-1.png
236,Морская,"Пицца на красном соусе с креветками, кальмарами, мидиями, лососем, сыром моцарелла, свежими томатами, листьями салата и лимоном",,simple,0,,,Пицца,749,http://worlddelete.ru/risitesto/wp-content/uploads/2019/08/Морская-2.png
238,"4 Сыра","Пицца на белом соусе с сырами моцарелла, фета, дор блю, пармезан",,simple,0,,,Пицца,549,http://worlddelete.ru/risitesto/wp-content/uploads/2019/08/4сыра-1.png
239,Вегетарианская,"Пицца на красном соусе с томатами, болгарским перцем, оливками, шампиньонами, стручковой фасолью и сыром моцарелла",,simple,0,,,Пицца,449,http://worlddelete.ru/risitesto/wp-content/uploads/2019/08/Вегетарианская-2.png|http://worlddelete.ru/risitesto/wp-content/uploads/2019/08/Вегетарианская-1.png
240,"Пицца Чили","Пицца на остром соусе с ветчиной, охотничьими колбасками, сыром моцарелла, томатами, ялтинским луком, и перцем чили",,simple,0,,,Пицца,549,http://worlddelete.ru/risitesto/wp-content/uploads/2019/08/Пицца-чили-1-1.png
241,"Пицца Цезарь","Пицца на белом соусе с запеченным куриным филе, перепелиными яйцами, беконом, сыром моцарелла, пармезаном, свежими томатами и листьями салата",,simple,0,,,Пицца,549,http://worlddelete.ru/risitesto/wp-content/uploads/2019/08/Цезарь-2.png|http://worlddelete.ru/risitesto/wp-content/uploads/2019/08/Морская-1.png|http://worlddelete.ru/risitesto/wp-content/uploads/2019/08/Цезарь-1.png
243,Чизбургер,"Булка для гамбургеров, котлета из говядины, кетчуп, сыр, огурцы маринованные",,simple,0,,,Бургеры,199,http://worlddelete.ru/risitesto/wp-content/uploads/2019/08/чизбургер-1.png|http://worlddelete.ru/risitesto/wp-content/uploads/2019/08/чизбургер_1-—-копия-1.png|http://worlddelete.ru/risitesto/wp-content/uploads/2019/08/чизбургер_1-—-копия-2.png|http://worlddelete.ru/risitesto/wp-content/uploads/2019/08/чизбургер.png
245,Фирменный,"Булка для для гамбургеров, соус, кетчуп, огурцы маринованные, айсберг, котлета из говядины, сыр, бекон, помидоры, сыр, чеддер, котлета из говядины, лук ялта",,simple,0,,,Бургеры,369,http://worlddelete.ru/risitesto/wp-content/uploads/2019/08/фирменный-1.png|http://worlddelete.ru/risitesto/wp-content/uploads/2019/08/фирменный_1-—-копия-2.png|http://worlddelete.ru/risitesto/wp-content/uploads/2019/08/фирменный_1-—-копия-3.png|http://worlddelete.ru/risitesto/wp-content/uploads/2019/08/фирменный.png
248,"Шеф бургер","Булка для гамбургеров, соус сырный, соус кетчуп, айсберг, огурцы маринованные, котлета из говядины, сыр Чеддер, помидоры, перец болгарский",,simple,0,,,Бургеры,299,http://worlddelete.ru/risitesto/wp-content/uploads/2019/08/шеф-бургер-1.png|http://worlddelete.ru/risitesto/wp-content/uploads/2019/08/шеф_бургер_1-—-копия-1.png|http://worlddelete.ru/risitesto/wp-content/uploads/2019/08/шеф_бургер_1-—-копия-2.png|http://worlddelete.ru/risitesto/wp-content/uploads/2019/08/шеф-бургер.png
431,Кантри,"Пицца Чикен, Шеф бургер,Картофельные дольки 150гр., Напиток 1 л. на выбор",,simple,0,,,Наборы,889,http://worlddelete.ru/risitesto/wp-content/uploads/2019/09/Кантри-2.png|http://worlddelete.ru/risitesto/wp-content/uploads/2019/09/Кантри-1.png|http://worlddelete.ru/risitesto/wp-content/uploads/2019/09/кантри.png
434,Пикник,"Шеф бургер, Наггетсы 6 шт., Фри 130 гр., Соус в ассортименте, Напиток 0.5 на выбор",,simple,0,,,Наборы,499,http://worlddelete.ru/risitesto/wp-content/uploads/2019/09/Пикник-2.png|http://worlddelete.ru/risitesto/wp-content/uploads/2019/09/Пикник-1.png|http://worlddelete.ru/risitesto/wp-content/uploads/2019/09/пикник.png
436,Дольки,"150 гр.",,simple,0,,,Фритюр,119,http://worlddelete.ru/risitesto/wp-content/uploads/2019/09/дольки-3.png|http://worlddelete.ru/risitesto/wp-content/uploads/2019/09/.png|http://worlddelete.ru/risitesto/wp-content/uploads/2019/09/-1-e1579287535948.png|http://worlddelete.ru/risitesto/wp-content/uploads/2019/09/дольки-2.png
439,"Наггетсы (12шт.)",,,simple,0,,,Фритюр,199,http://worlddelete.ru/risitesto/wp-content/uploads/2019/09/наггетсы.png|http://worlddelete.ru/risitesto/wp-content/uploads/2019/09/наггетсыс-соусом-1.png
443,"Наггетсы (9 шт.)",,,simple,0,,,Фритюр,159,http://worlddelete.ru/risitesto/wp-content/uploads/2019/09/наггетсы.png
446,"Наггетсы (6 шт.)",,,simple,0,,,Фритюр,119,http://worlddelete.ru/risitesto/wp-content/uploads/2019/09/наггетсы.png|http://worlddelete.ru/risitesto/wp-content/uploads/2019/09/наггетсыс-соусом-2.png
449,Фри,"130 гр.",,simple,0,,,Фритюр,99,http://worlddelete.ru/risitesto/wp-content/uploads/2019/09/фри.png|http://worlddelete.ru/risitesto/wp-content/uploads/2019/09/Картофель-фри-.png
552,"Скидка 20% в день рождения!","У вас день рождения? Делайте заказ в Рис и Тесто и получайте скидку 20%!",,simple,0,,,Акции,,http://worlddelete.ru/risitesto/wp-content/uploads/2019/10/фон.png|http://worlddelete.ru/risitesto/wp-content/uploads/2019/10/birth_hat.jpg
554,"Самовывоз - 15%","Скидка 15%  на самовывоз!",,simple,0,,,Акции,,http://worlddelete.ru/risitesto/wp-content/uploads/2019/10/samovivoz.png
562,"Годовщина? Скидка 20%!","Получи скидку 20% в годовщину! Акция также действует за один день до и после годовщины!",,simple,0,,,Акции,,http://worlddelete.ru/risitesto/wp-content/uploads/2019/10/годовщина.png
1647,Американо,"Пицца на красном соусе с салями, картофелем фри, маринованными огурцами с сыром и кетчупом",,simple,0,,,Пицца,549,http://worlddelete.ru/risitesto/wp-content/uploads/2019/12/американо.png
1649,Гавайская,"Пицца на красном соусе, с куриным филе, ананасами, сыром и кукурузой",,simple,0,,,Пицца,549,http://worlddelete.ru/risitesto/wp-content/uploads/2019/12/гавайская.png
1651,Хаус,"Пицца на белом соусе с грибами, курицей , маринованными огурцами маслинами и сыром",,simple,0,,,Пицца,529,http://worlddelete.ru/risitesto/wp-content/uploads/2019/12/хаус.png
1832,"Суши с угрем","Рис, угорь, соус унаги и кунжут",,simple,0,,,Роллы,69,http://worlddelete.ru/risitesto/wp-content/uploads/2020/02/суши-с-угрем.png|http://worlddelete.ru/risitesto/wp-content/uploads/2019/12/efe295b0-4353-434c-bc9f-dee600339b19.jpeg|http://worlddelete.ru/risitesto/wp-content/uploads/2019/12/691d3acb-0223-49fa-94ef-32e967fde1e0.jpeg
1836,"Суши с лососем","Рис и лосось",,simple,0,,,Роллы,69,http://worlddelete.ru/risitesto/wp-content/uploads/2020/02/суши-с-лососем.png
1837,"Сет Новогодний","Калифорния снежный краб с сырной шапкой и кунжутом, Калифорния с угрем с сырном шапкой и соусом унаги, Калифорния с креветкой с тобико и сырной шапкой, Ролл инь/янь, Суши с лососем, Суши с угрем, Кока-Кола (1л)",,simple,0,,,Сеты,1399,http://worlddelete.ru/risitesto/wp-content/uploads/2019/12/фон.jpeg
1839,Инь/Янь,"Маки с лососем и огурцом",,simple,0,,,Роллы,199,http://worlddelete.ru/risitesto/wp-content/uploads/2020/02/иньянь.png|http://worlddelete.ru/risitesto/wp-content/uploads/2019/12/фон.png
2662,"Соба с говядиной","Национальная Японская гречневая лапша с говядиной, овощами, грибами шитаки и соусом терияки",,simple,0,,,"Лапша WOK",369,http://worlddelete.ru/risitesto/wp-content/uploads/2020/02/Соба-с-говядиной.png
2664,"Соба с креветками","Национальная Японская гречневая лапша с креветкой, грибами шитаки овощами , под соусом тереяки. ",,simple,0,,,"Лапша WOK",319,http://worlddelete.ru/risitesto/wp-content/uploads/2020/02/Соба-с-креветками.png
2666,"Яки Соба","Национальная Японская гречневая лапша с куриным филе, овощами, грибами шитаки под соусом терияки. ",,simple,0,,,"Лапша WOK",269,http://worlddelete.ru/risitesto/wp-content/uploads/2020/02/Яки-Соба.png
2668,"Соба со свининой","Национальная Японская гречневая лапша со свининой, овощами , грибами шитаки под соусом тереяки. ",,simple,0,,,"Лапша WOK",339,http://worlddelete.ru/risitesto/wp-content/uploads/2020/02/Соба-со-свининой.png
2670,"Соба с овощами","Национальная Японская гречневая лапша с овощами, кунжутными семенами, морковью, болгарским перцем, грибами шитаки под соусом терияки.  ",,simple,0,,,"Лапша WOK",229,http://worlddelete.ru/risitesto/wp-content/uploads/2020/02/Соба-с-овощами.png
2672,"Удон с курицей и грибами","Традиционная пшеничная лапша удон с куриным филе, овощами, грибами шитаки под соусом терияки. ",,simple,0,,,"Лапша WOK",259,http://worlddelete.ru/risitesto/wp-content/uploads/2020/02/Удон-с-курицей.png
2674,"Удон с говядиной","Традиционная пшеничная лапша удон с говядиной, овощами, грибами шитаки и соусом терияки. ",,simple,0,,,"Лапша WOK",369,http://worlddelete.ru/risitesto/wp-content/uploads/2020/02/Удон-с-говядиной.png
2676,"Удон с морепродуктами","Традиционная пшеничная лапша удон с креветкой, мидиями кальмаром и овощами , под соусом терияки. ",,simple,0,,,"Лапша WOK",379,http://worlddelete.ru/risitesto/wp-content/uploads/2020/02/Удон-с-морепродуктами.png
2678,"Удон со свининой","Традиционная пшеничная лапша удон со свининой, овощами , грибами шитаки под соусом терияки. ",,simple,0,,,"Лапша WOK",339,http://worlddelete.ru/risitesto/wp-content/uploads/2020/02/Удон-со-свениной.png
2680,"Удон с овощами","Традиционная пшеничная лапша удон с овощами, кунжутными семенами, морковью, болгарским перцем, грибами шитаки под соусом терияки.  ",,simple,0,,,"Лапша WOK",229,http://worlddelete.ru/risitesto/wp-content/uploads/2020/02/Удон-с-овощами.png
2682,"Фунчоза с курицей","Китайская рисовая лапша с куриным филе, овощами, грибами шитаки под соусом терияки. ",,simple,0,,,"Лапша WOK",269,http://worlddelete.ru/risitesto/wp-content/uploads/2020/02/Фунчоза-с-куриным-филе.png
2684,"Фунчоза с говядиной","Китайская рисовая лапша с говядиной, овощами, грибами шитаки и соусом терияки. ",,simple,0,,,"Лапша WOK",369,http://worlddelete.ru/risitesto/wp-content/uploads/2020/02/Фунчоза-с-говядиной.png
2688,"Фунчоза со свининой","Китайская рисовая лапша со свининой, овощами , грибами шитаки под соусом терияки. ",,simple,0,,,"Лапша WOK",339,http://worlddelete.ru/risitesto/wp-content/uploads/2020/02/Фунчоза-со-свининой.png
2691,"Фунчоза с овощами","Китайская рисовая лапша с овощами, кунжутными семенами, морковью, болгарским перцем, грибами шитаки под соусом терияки.  ",,simple,0,,,"Лапша WOK",229,http://worlddelete.ru/risitesto/wp-content/uploads/2020/02/Фунчоза-с-овощами.png
2693,"Салат Греческий","Свежий помидор, огурец, оливки, маслины, болгарский перец, ялтинский лук, сыр Фета, микс салата заправленный маслом. ",,simple,0,,,Салаты,229,http://worlddelete.ru/risitesto/wp-content/uploads/2020/02/Салат-Греческий.png|http://worlddelete.ru/risitesto/wp-content/uploads/2020/02/Цезарь-с-криветкой.png|http://worlddelete.ru/risitesto/wp-content/uploads/2020/02/Цезарь-с-курицей.png|http://worlddelete.ru/risitesto/wp-content/uploads/2020/02/Цезарь-с-лососем.png
2706,"Цезарь с лососем","Филе лосося, помидоры Черри, перепелиные яйца, лист салата, сухарики, заправленный соусом, и присыпанный сыром пармезан. ",,simple,0,,,Салаты,349,http://worlddelete.ru/risitesto/wp-content/uploads/2020/02/Цезарь-с-лососем.png
2707,"Цезарь с креветкой","Креветка, помидоры Черри, перепелиные яйца, лист салата, сухарики, заправленный соусом, и присыпанный сыром пармезан. ",,simple,0,,,Салаты,349,http://worlddelete.ru/risitesto/wp-content/uploads/2020/02/Цезарь-с-криветкой.png
2708,"Цезарь с курицей","Куриное филе, помидоры Черри, перепелиные яйца, лист салата, сухарики, заправленный соусом, и присыпанный сыром пармезан. ",,simple,0,,,Салаты,249,http://worlddelete.ru/risitesto/wp-content/uploads/2020/02/Цезарь-с-курицей.png
2709,"Салат овощной","Свежий помидор, балгарский перец, ялтинский лук, огурцы, лист салата заправленный маслом. ",,simple,0,,,Салаты,199,http://worlddelete.ru/risitesto/wp-content/uploads/2020/02/Салат-овощной.png
3027,"Соус Heinz в ассортименте",,,simple,0,,,Добавки,25,http://worlddelete.ru/risitesto/wp-content/uploads/2020/02/соусы.png|http://worlddelete.ru/risitesto/wp-content/uploads/2020/02/имбирь.png|http://worlddelete.ru/risitesto/wp-content/uploads/2020/02/соевый-соус.png|http://worlddelete.ru/risitesto/wp-content/uploads/2020/02/хайнц.png
3032,"Соевый соус","1 порция - 30гр.",,simple,0,,,Добавки,25,http://worlddelete.ru/risitesto/wp-content/uploads/2020/02/соевый-соус.png
3033,Имбирь,20гр.,,simple,0,,,Добавки,25,http://worlddelete.ru/risitesto/wp-content/uploads/2020/02/имбирь.png
3034,Васаби,20гр.,,simple,0,,,Добавки,25,http://worlddelete.ru/risitesto/wp-content/uploads/2020/02/васаби.png
3049,Love-сет,"Филадельфия с лососем, Филадельфия с угрем, Ролл Инь-Ян, Калифорния снежный краб.",,simple,0,,,Сеты,999,http://worlddelete.ru/risitesto/wp-content/uploads/2020/02/фон.png
5364,"чай гринфилд пакет","Чай пакетированный в ассортименте

25 пакетов",5127f7eb235b,simple,0,бакалея,"a:1:{s:10:""pa_pr_type"";a:6:{s:4:""name"";s:10:""pa_pr_type"";s:5:""value"";s:0:"""";s:8:""position"";s:1:""1"";s:10:""is_visible"";s:1:""1"";s:12:""is_variation"";s:1:""1"";s:11:""is_taxonomy"";s:1:""1"";}}",Uncategorized,90,http://worlddelete.ru/risitesto/wp-content/uploads/2020/04/37.jpg
5365,"чай липтон черный пакет","Чай пакетированный черный

25 пакетов",c7d7d5578443,simple,0,бакалея,"a:1:{s:10:""pa_pr_type"";a:6:{s:4:""name"";s:10:""pa_pr_type"";s:5:""value"";s:0:"""";s:8:""position"";s:1:""1"";s:10:""is_visible"";s:1:""1"";s:12:""is_variation"";s:1:""1"";s:11:""is_taxonomy"";s:1:""1"";}}",Uncategorized,50,http://worlddelete.ru/risitesto/wp-content/uploads/2020/04/41.jpg
5366,"Чай липтон зелёный","Чай пакетированный зелёный

25 пакетов",1e4d851b06ab,simple,0,бакалея,"a:1:{s:10:""pa_pr_type"";a:6:{s:4:""name"";s:10:""pa_pr_type"";s:5:""value"";s:0:"""";s:8:""position"";s:1:""1"";s:10:""is_visible"";s:1:""1"";s:12:""is_variation"";s:1:""1"";s:11:""is_taxonomy"";s:1:""1"";}}",Uncategorized,50,http://worlddelete.ru/risitesto/wp-content/uploads/2020/04/42.jpg
5367,"чай гринфилд заварной","Чай заварной в ассортименте

200 гр",d477f2e5521d,simple,0,бакалея,"a:1:{s:10:""pa_pr_type"";a:6:{s:4:""name"";s:10:""pa_pr_type"";s:5:""value"";s:0:"""";s:8:""position"";s:1:""1"";s:10:""is_visible"";s:1:""1"";s:12:""is_variation"";s:1:""1"";s:11:""is_taxonomy"";s:1:""1"";}}",Uncategorized,195,http://worlddelete.ru/risitesto/wp-content/uploads/2020/04/38.jpg
5368,"чай тес пакет","Чай пакетированный в ассортименте

25 пакетов",64206e5e8d19,simple,0,бакалея,"a:1:{s:10:""pa_pr_type"";a:6:{s:4:""name"";s:10:""pa_pr_type"";s:5:""value"";s:0:"""";s:8:""position"";s:1:""1"";s:10:""is_visible"";s:1:""1"";s:12:""is_variation"";s:1:""1"";s:11:""is_taxonomy"";s:1:""1"";}}",Uncategorized,85,http://worlddelete.ru/risitesto/wp-content/uploads/2020/04/40.jpg
5369,"чай тес заварной","Чай заварной крупнолистовой

100 гр",c5261313f629,simple,0,бакалея,"a:1:{s:10:""pa_pr_type"";a:6:{s:4:""name"";s:10:""pa_pr_type"";s:5:""value"";s:0:"""";s:8:""position"";s:1:""1"";s:10:""is_visible"";s:1:""1"";s:12:""is_variation"";s:1:""1"";s:11:""is_taxonomy"";s:1:""1"";}}",Uncategorized,90,http://worlddelete.ru/risitesto/wp-content/uploads/2020/04/39.jpg
5370,"кофе якобс стекло","Кофе якобс в стеклянной банке

50 гр",701c456897b7,simple,0,бакалея,"a:1:{s:10:""pa_pr_type"";a:6:{s:4:""name"";s:10:""pa_pr_type"";s:5:""value"";s:0:"""";s:8:""position"";s:1:""1"";s:10:""is_visible"";s:1:""1"";s:12:""is_variation"";s:1:""1"";s:11:""is_taxonomy"";s:1:""1"";}}",Uncategorized,120,http://worlddelete.ru/risitesto/wp-content/uploads/2020/04/21.jpg
5371,"кофе якобс Эконом пакет","Эконом пакет

150 гр",cdc37f978e7b,simple,0,бакалея,"a:1:{s:10:""pa_pr_type"";a:6:{s:4:""name"";s:10:""pa_pr_type"";s:5:""value"";s:0:"""";s:8:""position"";s:1:""1"";s:10:""is_visible"";s:1:""1"";s:12:""is_variation"";s:1:""1"";s:11:""is_taxonomy"";s:1:""1"";}}",Uncategorized,190,http://worlddelete.ru/risitesto/wp-content/uploads/2020/04/10.jpg
5372,"кофе якобс Эконом пакет","Эконом пакет

75 гр",78bb754a1c75,simple,0,бакалея,"a:1:{s:10:""pa_pr_type"";a:6:{s:4:""name"";s:10:""pa_pr_type"";s:5:""value"";s:0:"""";s:8:""position"";s:1:""1"";s:10:""is_visible"";s:1:""1"";s:12:""is_variation"";s:1:""1"";s:11:""is_taxonomy"";s:1:""1"";}}",Uncategorized,140,http://worlddelete.ru/risitesto/wp-content/uploads/2020/04/8.jpg
5373,"кофе якобс стекло","Стеклянная банка

100 гр",650932388d91,simple,0,бакалея,"a:1:{s:10:""pa_pr_type"";a:6:{s:4:""name"";s:10:""pa_pr_type"";s:5:""value"";s:0:"""";s:8:""position"";s:1:""1"";s:10:""is_visible"";s:1:""1"";s:12:""is_variation"";s:1:""1"";s:11:""is_taxonomy"";s:1:""1"";}}",Uncategorized,190,http://worlddelete.ru/risitesto/wp-content/uploads/2020/04/21.jpg|http://worlddelete.ru/risitesto/wp-content/uploads/2019/10/2.png
5374,"кофе нескафе стекло","Стеклянная банка

50 гр",ca6434f5bbad,simple,0,бакалея,"a:1:{s:10:""pa_pr_type"";a:6:{s:4:""name"";s:10:""pa_pr_type"";s:5:""value"";s:0:"""";s:8:""position"";s:1:""1"";s:10:""is_visible"";s:1:""1"";s:12:""is_variation"";s:1:""1"";s:11:""is_taxonomy"";s:1:""1"";}}",Uncategorized,70,http://worlddelete.ru/risitesto/wp-content/uploads/2020/04/22.jpg
5375,"кофе нескафе жб","Кофе нескафе в жб банке

100 гр",3c18cebe11a5,simple,0,бакалея,"a:1:{s:10:""pa_pr_type"";a:6:{s:4:""name"";s:10:""pa_pr_type"";s:5:""value"";s:0:"""";s:8:""position"";s:1:""1"";s:10:""is_visible"";s:1:""1"";s:12:""is_variation"";s:1:""1"";s:11:""is_taxonomy"";s:1:""1"";}}",Uncategorized,110,http://worlddelete.ru/risitesto/wp-content/uploads/2020/04/20.jpg
5376,"кофе нескафе Эконом пакет","Эконом пакет

150 гр",6f4851dc137d,simple,0,бакалея,"a:1:{s:10:""pa_pr_type"";a:6:{s:4:""name"";s:10:""pa_pr_type"";s:5:""value"";s:0:"""";s:8:""position"";s:1:""1"";s:10:""is_visible"";s:1:""1"";s:12:""is_variation"";s:1:""1"";s:11:""is_taxonomy"";s:1:""1"";}}",Uncategorized,150,http://worlddelete.ru/risitesto/wp-content/uploads/2020/04/17.jpg
5377,"кофе нескафе голд","Эконом пакет

75 гр",f2f83077cad9,simple,0,бакалея,"a:1:{s:10:""pa_pr_type"";a:6:{s:4:""name"";s:10:""pa_pr_type"";s:5:""value"";s:0:"""";s:8:""position"";s:1:""1"";s:10:""is_visible"";s:1:""1"";s:12:""is_variation"";s:1:""1"";s:11:""is_taxonomy"";s:1:""1"";}}",Uncategorized,130,http://worlddelete.ru/risitesto/wp-content/uploads/2020/04/7.jpg
5378,"кофе нескафе голд","Стеклянная банка

50 гр",b60ff9d7b0f3,simple,0,бакалея,"a:1:{s:10:""pa_pr_type"";a:6:{s:4:""name"";s:10:""pa_pr_type"";s:5:""value"";s:0:"""";s:8:""position"";s:1:""1"";s:10:""is_visible"";s:1:""1"";s:12:""is_variation"";s:1:""1"";s:11:""is_taxonomy"";s:1:""1"";}}",Uncategorized,140,http://worlddelete.ru/risitesto/wp-content/uploads/2020/04/19.jpg
5380,"сахар рафинад","сахар 1 кг рафинад

1000 гр",9cc179187973,simple,0,бакалея,"a:1:{s:10:""pa_pr_type"";a:6:{s:4:""name"";s:10:""pa_pr_type"";s:5:""value"";s:0:"""";s:8:""position"";s:1:""1"";s:10:""is_visible"";s:1:""1"";s:12:""is_variation"";s:1:""1"";s:11:""is_taxonomy"";s:1:""1"";}}",Uncategorized,55,http://worlddelete.ru/risitesto/wp-content/uploads/2020/04/30.jpg
5381,соль,"соль мелкая

1000 гр",60bc81548171,simple,0,бакалея,"a:1:{s:10:""pa_pr_type"";a:6:{s:4:""name"";s:10:""pa_pr_type"";s:5:""value"";s:0:"""";s:8:""position"";s:1:""1"";s:10:""is_visible"";s:1:""1"";s:12:""is_variation"";s:1:""1"";s:11:""is_taxonomy"";s:1:""1"";}}",Uncategorized,25,http://worlddelete.ru/risitesto/wp-content/uploads/2020/04/15.jpg
5382,"перец черный молотый","

20 гр",a3692e3e1dd9,simple,0,бакалея,"a:1:{s:10:""pa_pr_type"";a:6:{s:4:""name"";s:10:""pa_pr_type"";s:5:""value"";s:0:"""";s:8:""position"";s:1:""1"";s:10:""is_visible"";s:1:""1"";s:12:""is_variation"";s:1:""1"";s:11:""is_taxonomy"";s:1:""1"";}}",Uncategorized,35,http://worlddelete.ru/risitesto/wp-content/uploads/2020/04/4.jpg
5383,"перец черный горошек","

20 гр",8a3455913a8c,simple,0,бакалея,"a:1:{s:10:""pa_pr_type"";a:6:{s:4:""name"";s:10:""pa_pr_type"";s:5:""value"";s:0:"""";s:8:""position"";s:1:""1"";s:10:""is_visible"";s:1:""1"";s:12:""is_variation"";s:1:""1"";s:11:""is_taxonomy"";s:1:""1"";}}",Uncategorized,35,http://worlddelete.ru/risitesto/wp-content/uploads/2020/04/29.jpg
5384,"перец красный","

10 гр",e9c60751b268,simple,0,бакалея,"a:1:{s:10:""pa_pr_type"";a:6:{s:4:""name"";s:10:""pa_pr_type"";s:5:""value"";s:0:"""";s:8:""position"";s:1:""1"";s:10:""is_visible"";s:1:""1"";s:12:""is_variation"";s:1:""1"";s:11:""is_taxonomy"";s:1:""1"";}}",Uncategorized,15,http://worlddelete.ru/risitesto/wp-content/uploads/2020/04/9.jpg
5385,"лавровый лист","

10 гр",6a6d32e3c551,simple,0,бакалея,"a:1:{s:10:""pa_pr_type"";a:6:{s:4:""name"";s:10:""pa_pr_type"";s:5:""value"";s:0:"""";s:8:""position"";s:1:""1"";s:10:""is_visible"";s:1:""1"";s:12:""is_variation"";s:1:""1"";s:11:""is_taxonomy"";s:1:""1"";}}",Uncategorized,20,http://worlddelete.ru/risitesto/wp-content/uploads/2020/04/24.png
5386,"кубики бул.","бульённый кубик

1 шт",4a568e06be1a,simple,0,бакалея,"a:1:{s:10:""pa_pr_type"";a:6:{s:4:""name"";s:10:""pa_pr_type"";s:5:""value"";s:0:"""";s:8:""position"";s:1:""1"";s:10:""is_visible"";s:1:""1"";s:12:""is_variation"";s:1:""1"";s:11:""is_taxonomy"";s:1:""1"";}}",Uncategorized,5,http://worlddelete.ru/risitesto/wp-content/uploads/2020/04/31.jpg
5387,"масло подсолнечное","масло жаркофф

1 л",a7412da8c4f9,simple,0,бакалея,"a:1:{s:10:""pa_pr_type"";a:6:{s:4:""name"";s:10:""pa_pr_type"";s:5:""value"";s:0:"""";s:8:""position"";s:1:""1"";s:10:""is_visible"";s:1:""1"";s:12:""is_variation"";s:1:""1"";s:11:""is_taxonomy"";s:1:""1"";}}",Uncategorized,80,http://worlddelete.ru/risitesto/wp-content/uploads/2020/04/32.jpg
5388,"томатная паста","в стеклянной банке ""с бабушкиной грядки""

500 гр",f4de42fc4015,simple,0,бакалея,"a:1:{s:10:""pa_pr_type"";a:6:{s:4:""name"";s:10:""pa_pr_type"";s:5:""value"";s:0:"""";s:8:""position"";s:1:""1"";s:10:""is_visible"";s:1:""1"";s:12:""is_variation"";s:1:""1"";s:11:""is_taxonomy"";s:1:""1"";}}",Uncategorized,70,http://worlddelete.ru/risitesto/wp-content/uploads/2020/04/14.jpg
5389,"томатная паста","чумак пирамидка

70 гр",f3814ef2883a,simple,0,бакалея,"a:1:{s:10:""pa_pr_type"";a:6:{s:4:""name"";s:10:""pa_pr_type"";s:5:""value"";s:0:"""";s:8:""position"";s:1:""1"";s:10:""is_visible"";s:1:""1"";s:12:""is_variation"";s:1:""1"";s:11:""is_taxonomy"";s:1:""1"";}}",Uncategorized,25,http://worlddelete.ru/risitesto/wp-content/uploads/2020/04/43.jpg
5390,"горошек ж/б","жб банка ЭКО

340 гр",40bb87e88f4f,simple,0,бакалея,"a:1:{s:10:""pa_pr_type"";a:6:{s:4:""name"";s:10:""pa_pr_type"";s:5:""value"";s:0:"""";s:8:""position"";s:1:""1"";s:10:""is_visible"";s:1:""1"";s:12:""is_variation"";s:1:""1"";s:11:""is_taxonomy"";s:1:""1"";}}",Uncategorized,70,http://worlddelete.ru/risitesto/wp-content/uploads/2020/04/34.jpg
5391,"кукуруза ж/б","жб банка ЭКО

340 гр",7127937bf9d8,simple,0,бакалея,"a:1:{s:10:""pa_pr_type"";a:6:{s:4:""name"";s:10:""pa_pr_type"";s:5:""value"";s:0:"""";s:8:""position"";s:1:""1"";s:10:""is_visible"";s:1:""1"";s:12:""is_variation"";s:1:""1"";s:11:""is_taxonomy"";s:1:""1"";}}",Uncategorized,70,http://worlddelete.ru/risitesto/wp-content/uploads/2020/04/12.jpg
5392,уксус,"уксус столовый

0.85",77a86a10bbaf,simple,0,бакалея,"a:1:{s:10:""pa_pr_type"";a:6:{s:4:""name"";s:10:""pa_pr_type"";s:5:""value"";s:0:"""";s:8:""position"";s:1:""1"";s:10:""is_visible"";s:1:""1"";s:12:""is_variation"";s:1:""1"";s:11:""is_taxonomy"";s:1:""1"";}}",Uncategorized,25,http://worlddelete.ru/risitesto/wp-content/uploads/2020/04/26.jpg|http://worlddelete.ru/risitesto/wp-content/uploads/2019/08/белка-mov-image.jpg
5393,мука,"мука булкин

2 кг",10775d7c7ccb,simple,0,бакалея,"a:1:{s:10:""pa_pr_type"";a:6:{s:4:""name"";s:10:""pa_pr_type"";s:5:""value"";s:0:"""";s:8:""position"";s:1:""1"";s:10:""is_visible"";s:1:""1"";s:12:""is_variation"";s:1:""1"";s:11:""is_taxonomy"";s:1:""1"";}}",Uncategorized,70,http://worlddelete.ru/risitesto/wp-content/uploads/2020/04/11.jpg
5394,гречка,"гречка тм крымчанка

1 кг",e97dcf2146a7,simple,0,бакалея,"a:1:{s:10:""pa_pr_type"";a:6:{s:4:""name"";s:10:""pa_pr_type"";s:5:""value"";s:0:"""";s:8:""position"";s:1:""1"";s:10:""is_visible"";s:1:""1"";s:12:""is_variation"";s:1:""1"";s:11:""is_taxonomy"";s:1:""1"";}}",Uncategorized,80,http://worlddelete.ru/risitesto/wp-content/uploads/2020/04/1.jpg|http://worlddelete.ru/risitesto/wp-content/uploads/slider2/1.jpeg
5395,рис,"рис пропаренный кубань матушка

1 кг",80ad015891d7,simple,0,бакалея,"a:1:{s:10:""pa_pr_type"";a:6:{s:4:""name"";s:10:""pa_pr_type"";s:5:""value"";s:0:"""";s:8:""position"";s:1:""1"";s:10:""is_visible"";s:1:""1"";s:12:""is_variation"";s:1:""1"";s:11:""is_taxonomy"";s:1:""1"";}}",Uncategorized,65,http://worlddelete.ru/risitesto/wp-content/uploads/2020/04/6.jpg
5396,"крупа артек","крупа артек тм крымчанка

1 кг",856ffb86990b,simple,0,бакалея,"a:1:{s:10:""pa_pr_type"";a:6:{s:4:""name"";s:10:""pa_pr_type"";s:5:""value"";s:0:"""";s:8:""position"";s:1:""1"";s:10:""is_visible"";s:1:""1"";s:12:""is_variation"";s:1:""1"";s:11:""is_taxonomy"";s:1:""1"";}}",Uncategorized,55,http://worlddelete.ru/risitesto/wp-content/uploads/2020/04/3.jpg
5397,"макароны спагетти","Макароны тм макфа

0,400 гр",6575da5045f8,simple,0,бакалея,"a:1:{s:10:""pa_pr_type"";a:6:{s:4:""name"";s:10:""pa_pr_type"";s:5:""value"";s:0:"""";s:8:""position"";s:1:""1"";s:10:""is_visible"";s:1:""1"";s:12:""is_variation"";s:1:""1"";s:11:""is_taxonomy"";s:1:""1"";}}",Uncategorized,65,http://worlddelete.ru/risitesto/wp-content/uploads/2020/04/33.jpg
5398,"макароны лапша","лапша тм корона

0,450 гр",85f22aca1951,simple,0,бакалея,"a:1:{s:10:""pa_pr_type"";a:6:{s:4:""name"";s:10:""pa_pr_type"";s:5:""value"";s:0:"""";s:8:""position"";s:1:""1"";s:10:""is_visible"";s:1:""1"";s:12:""is_variation"";s:1:""1"";s:11:""is_taxonomy"";s:1:""1"";}}",Uncategorized,30,http://worlddelete.ru/risitesto/wp-content/uploads/2020/04/23.jpg
5399,"макароны перо","макароны перо тм кисловодские

1000 гр",9d811bc75de0,simple,0,бакалея,"a:1:{s:10:""pa_pr_type"";a:6:{s:4:""name"";s:10:""pa_pr_type"";s:5:""value"";s:0:"""";s:8:""position"";s:1:""1"";s:10:""is_visible"";s:1:""1"";s:12:""is_variation"";s:1:""1"";s:11:""is_taxonomy"";s:1:""1"";}}",Uncategorized,75,http://worlddelete.ru/risitesto/wp-content/uploads/2020/04/28.jpg
5400,"макароны спираль","макароны спираль тм кисловодские

1000 гр",d6c6d5189126,simple,0,бакалея,"a:1:{s:10:""pa_pr_type"";a:6:{s:4:""name"";s:10:""pa_pr_type"";s:5:""value"";s:0:"""";s:8:""position"";s:1:""1"";s:10:""is_visible"";s:1:""1"";s:12:""is_variation"";s:1:""1"";s:11:""is_taxonomy"";s:1:""1"";}}",Uncategorized,75,http://worlddelete.ru/risitesto/wp-content/uploads/2020/04/27.jpg
5401,майонез,"тм мечта хозяйки 67%

200 гр",d4efead30393,simple,0,бакалея,"a:1:{s:10:""pa_pr_type"";a:6:{s:4:""name"";s:10:""pa_pr_type"";s:5:""value"";s:0:"""";s:8:""position"";s:1:""1"";s:10:""is_visible"";s:1:""1"";s:12:""is_variation"";s:1:""1"";s:11:""is_taxonomy"";s:1:""1"";}}",Uncategorized,35,http://worlddelete.ru/risitesto/wp-content/uploads/2020/04/35.jpg
5402,кетчуп,"тм махеев

300 гр",56c55945d2be,simple,0,бакалея,"a:1:{s:10:""pa_pr_type"";a:6:{s:4:""name"";s:10:""pa_pr_type"";s:5:""value"";s:0:"""";s:8:""position"";s:1:""1"";s:10:""is_visible"";s:1:""1"";s:12:""is_variation"";s:1:""1"";s:11:""is_taxonomy"";s:1:""1"";}}",Uncategorized,42,http://worlddelete.ru/risitesto/wp-content/uploads/2020/04/36.jpg
5403,Дрожжи,"тм саф мамент

11 гр",c647c30bb78e,simple,0,бакалея,"a:1:{s:10:""pa_pr_type"";a:6:{s:4:""name"";s:10:""pa_pr_type"";s:5:""value"";s:0:"""";s:8:""position"";s:1:""1"";s:10:""is_visible"";s:1:""1"";s:12:""is_variation"";s:1:""1"";s:11:""is_taxonomy"";s:1:""1"";}}",Uncategorized,20,http://worlddelete.ru/risitesto/wp-content/uploads/2020/04/13.jpg
5404,Ванилин,"тм Мрия

2 гр",f91614038011,simple,0,бакалея,"a:1:{s:10:""pa_pr_type"";a:6:{s:4:""name"";s:10:""pa_pr_type"";s:5:""value"";s:0:"""";s:8:""position"";s:1:""1"";s:10:""is_visible"";s:1:""1"";s:12:""is_variation"";s:1:""1"";s:11:""is_taxonomy"";s:1:""1"";}}",Uncategorized,15,http://worlddelete.ru/risitesto/wp-content/uploads/2020/04/18.jpg
5405,Разрыхлитель,"тм Приправыч

10 гр",6abf49cd23be,simple,0,бакалея,"a:1:{s:10:""pa_pr_type"";a:6:{s:4:""name"";s:10:""pa_pr_type"";s:5:""value"";s:0:"""";s:8:""position"";s:1:""1"";s:10:""is_visible"";s:1:""1"";s:12:""is_variation"";s:1:""1"";s:11:""is_taxonomy"";s:1:""1"";}}",Uncategorized,10,http://worlddelete.ru/risitesto/wp-content/uploads/2020/04/5.jpg
5406,Горчица,"тм ЕЖК

130 гр",69dd321d03ed,simple,0,бакалея,"a:1:{s:10:""pa_pr_type"";a:6:{s:4:""name"";s:10:""pa_pr_type"";s:5:""value"";s:0:"""";s:8:""position"";s:1:""1"";s:10:""is_visible"";s:1:""1"";s:12:""is_variation"";s:1:""1"";s:11:""is_taxonomy"";s:1:""1"";}}",Uncategorized,35,http://worlddelete.ru/risitesto/wp-content/uploads/2020/04/25.jpg
5526,"зубная паста Colgate 77 g","Зубная паста Colgate Бережное отбеливание

77 гр",4c9f4fe422dc,simple,0,,,Uncategorized,55,http://worlddelete.ru/risitesto/wp-content/uploads/2020/04/1_20.jpg
5527,"зубная паста Colgate Древние секреты","Зубная паста Colgate Древние сикреты

75 мл",aa9e4644afd9,simple,0,,,Uncategorized,106,http://worlddelete.ru/risitesto/wp-content/uploads/2020/04/1_19.jpg
5528,"стиральный порошок","Стиральный порошок BIMAX автомат

3 кг",887053bc6087,simple,0,,,Uncategorized,280,http://worlddelete.ru/risitesto/wp-content/uploads/2020/04/1_17.jpg
5529,мыло,"мыло туалетное с ароматом Ландыша

75 гр",658e5edf5dd9,simple,0,,,Uncategorized,16,http://worlddelete.ru/risitesto/wp-content/uploads/2020/04/1_7.jpg
5530,"жидкое мыло","Жидкое крем-мыло Золушка

300 мл",53bfc634517d,simple,0,,,Uncategorized,47,http://worlddelete.ru/risitesto/wp-content/uploads/2020/04/1_16.jpg
5531,"моющие для посуды","KAYHIM фруктовый микс

1000 мл",51cdd2ceb793,simple,0,,,Uncategorized,125,http://worlddelete.ru/risitesto/wp-content/uploads/2020/04/1_3.jpg
5532,"моющие для посуды","Sorti алое вера

450 мл",0cbf2c7ddd5c,simple,0,,,Uncategorized,69,http://worlddelete.ru/risitesto/wp-content/uploads/2020/04/1_24.jpg
5533,"губки для посуды","Губки кухонные для посуды

10 шт",207327849ced,simple,0,,,Uncategorized,57,http://worlddelete.ru/risitesto/wp-content/uploads/2020/04/1_2.jpg
5534,"скребок для посуды","Скребок метал для посуды

1 шт",b62ab7835711,simple,0,,,Uncategorized,27,http://worlddelete.ru/risitesto/wp-content/uploads/2020/04/1_18.jpg
5535,"мусорные пакеты","мусорные пакеты 35 литров

15 шт",58e6126ac72b,simple,0,,,Uncategorized,32,http://worlddelete.ru/risitesto/wp-content/uploads/2020/04/1_11.jpg
5536,"мусорные пакеты","мусорные пакеты 60 литров

10 шт",091ceeb51b12,simple,0,,,Uncategorized,35,http://worlddelete.ru/risitesto/wp-content/uploads/2020/04/1_12.jpg
5537,"Салфетки целлюлоза","Салфетки целлюлозные 16*16 см

10 шт",c4308c8b2f24,simple,0,,,Uncategorized,260,http://worlddelete.ru/risitesto/wp-content/uploads/2020/04/1_1.jpg
5538,"Салфетка микрофибра","Салфетка микрофибра 30*30 см

1 шт",06dd6961ca38,simple,0,,,Uncategorized,27,http://worlddelete.ru/risitesto/wp-content/uploads/2020/04/1_14.jpg
5539,"Салфетка микрофибра для стёкол","Салфетка микрофибра для стёкол 38*38 см

10 шт",2734ce14534d,simple,0,,,Uncategorized,300,http://worlddelete.ru/risitesto/wp-content/uploads/2020/04/1_8.jpg
5540,"Концентрат для стёкол KAYHIM","Средство для очистки стёколстёкол KAYHIM

500 мл",cd7ad37bd192,simple,0,,,Uncategorized,80,http://worlddelete.ru/risitesto/wp-content/uploads/2020/04/1_4.jpg
5541,"кондиционер для белья","Forest clean ""морозная свежесть""

5 л",a2704fd04d0e,simple,0,,,Uncategorized,400,http://worlddelete.ru/risitesto/wp-content/uploads/2020/04/1_15.png
5542,"Белезна-гель Чистин","Белезна-гель Чистин

1 л",99c03ef9b0ca,simple,0,,,Uncategorized,90,http://worlddelete.ru/risitesto/wp-content/uploads/2020/04/1_9.jpg
5543,"Гель для чистки туалета","Гель для чистки туалета ""Мой-ка WC""

750 мл",e04dcfdd81fa,simple,0,,,Uncategorized,120,http://worlddelete.ru/risitesto/wp-content/uploads/2020/04/1_10.jpg
5544,"освежитель воздуха","освежитель воздуха Gold After

300 мл",9ffa1f0287a2,simple,0,,,Uncategorized,52,http://worlddelete.ru/risitesto/wp-content/uploads/2020/04/1_6.jpg
5545,"туалетная бумага","туалетная бумага ZEVA

4 шт",fe032a22e3e2,simple,0,,,Uncategorized,107,http://worlddelete.ru/risitesto/wp-content/uploads/2020/04/1_5.jpg
5546,"туалетная бумага","туалетная бумага PLUSHE

12 шт",04070083476c,simple,0,,,Uncategorized,140,http://worlddelete.ru/risitesto/wp-content/uploads/2020/04/1_13.jpg
5547,"шампунь для волос","шампунь для волос Clear основной уход

400 мл",fe7f18c883e4,simple,0,,,Uncategorized,219,http://worlddelete.ru/risitesto/wp-content/uploads/2020/04/1_22.jpg
5548,"шампунь для волос","шампунь для волос L`Oreal Elseve Длина мечты

250 мл",62b8b573b6a1,simple,0,,,Uncategorized,205,http://worlddelete.ru/risitesto/wp-content/uploads/2020/04/1_25.jpg
5549,"гель для душа","гель для душа муж."" NIVEA Сила Угля""

250 мл",957df89f6efb,simple,0,,,Uncategorized,199,http://worlddelete.ru/risitesto/wp-content/uploads/2020/04/1_23.jpg
5550,"ватные палочки","AURA ватные палочки

200 шт",fe70e547f787,simple,0,,,Uncategorized,44,http://worlddelete.ru/risitesto/wp-content/uploads/2020/04/1_26.jpg
5551,"ватные палочки","AURA ватные палочки

100 шт",75c3bfe3f08d,simple,0,,,Uncategorized,23,http://worlddelete.ru/risitesto/wp-content/uploads/2020/04/1_27.jpg
5552,"ватные диски","Диски ватные BELLA COTTON круглые

100 шт",99fabb48d6a8,simple,0,,,Uncategorized,70,http://worlddelete.ru/risitesto/wp-content/uploads/2020/04/1_21.jpg
5553,"влажные салфетки","Your Ideal влажные салфетки

15 шт",d28f2f0a527d,simple,0,,,Uncategorized,15,http://worlddelete.ru/risitesto/wp-content/uploads/2020/04/1_28.jpg
5603,картошка,"Картофель фасованый 1 кг",a623167d83d6,simple,0,овощи,"a:1:{s:10:""pa_pr_type"";a:6:{s:4:""name"";s:10:""pa_pr_type"";s:5:""value"";s:0:"""";s:8:""position"";s:1:""1"";s:10:""is_visible"";s:1:""1"";s:12:""is_variation"";s:1:""1"";s:11:""is_taxonomy"";s:1:""1"";}}",Uncategorized,40,http://worlddelete.ru/risitesto/wp-content/uploads/2020/04/44.jpg
5604,"лук репчатый","Лук репчатый фасованый 1 кг",b8c53b007baa,simple,0,овощи,"a:1:{s:10:""pa_pr_type"";a:6:{s:4:""name"";s:10:""pa_pr_type"";s:5:""value"";s:0:"""";s:8:""position"";s:1:""1"";s:10:""is_visible"";s:1:""1"";s:12:""is_variation"";s:1:""1"";s:11:""is_taxonomy"";s:1:""1"";}}",Uncategorized,58,http://worlddelete.ru/risitesto/wp-content/uploads/2020/04/45.jpg
5605,морковка,"Морковь фасованая 1 кг.",5e3519ea5cea,simple,0,овощи,"a:1:{s:10:""pa_pr_type"";a:6:{s:4:""name"";s:10:""pa_pr_type"";s:5:""value"";s:0:"""";s:8:""position"";s:1:""1"";s:10:""is_visible"";s:1:""1"";s:12:""is_variation"";s:1:""1"";s:11:""is_taxonomy"";s:1:""1"";}}",Uncategorized,32,http://worlddelete.ru/risitesto/wp-content/uploads/2020/04/46.jpg
5606,буряк,"Буряк фасованый 1 кг",d1b98e6a3d28,simple,0,овощи,"a:1:{s:10:""pa_pr_type"";a:6:{s:4:""name"";s:10:""pa_pr_type"";s:5:""value"";s:0:"""";s:8:""position"";s:1:""1"";s:10:""is_visible"";s:1:""1"";s:12:""is_variation"";s:1:""1"";s:11:""is_taxonomy"";s:1:""1"";}}",Uncategorized,24,http://worlddelete.ru/risitesto/wp-content/uploads/2020/04/47.jpg
5607,чеснок,"Чеснок фасованый 100 гр.",30a5dd63baa5,simple,0,овощи,"a:1:{s:10:""pa_pr_type"";a:6:{s:4:""name"";s:10:""pa_pr_type"";s:5:""value"";s:0:"""";s:8:""position"";s:1:""1"";s:10:""is_visible"";s:1:""1"";s:12:""is_variation"";s:1:""1"";s:11:""is_taxonomy"";s:1:""1"";}}",Uncategorized,35,http://worlddelete.ru/risitesto/wp-content/uploads/2020/04/48.jpg
5608,капуста,"1 кг",01e3ef7c1a5a,simple,0,овощи,"a:1:{s:10:""pa_pr_type"";a:6:{s:4:""name"";s:10:""pa_pr_type"";s:5:""value"";s:0:"""";s:8:""position"";s:1:""1"";s:10:""is_visible"";s:1:""1"";s:12:""is_variation"";s:1:""1"";s:11:""is_taxonomy"";s:1:""1"";}}",Uncategorized,72,http://worlddelete.ru/risitesto/wp-content/uploads/2020/04/49.jpg
5609,помидор,"Помидор фасованый 1 кг",e7cb70867d1e,simple,0,овощи,"a:1:{s:10:""pa_pr_type"";a:6:{s:4:""name"";s:10:""pa_pr_type"";s:5:""value"";s:0:"""";s:8:""position"";s:1:""1"";s:10:""is_visible"";s:1:""1"";s:12:""is_variation"";s:1:""1"";s:11:""is_taxonomy"";s:1:""1"";}}",Uncategorized,170,http://worlddelete.ru/risitesto/wp-content/uploads/2020/04/50.jpg
5610,огурец,"Огурец Фасованый 1 кг.",50cd411cd1f4,simple,0,овощи,"a:1:{s:10:""pa_pr_type"";a:6:{s:4:""name"";s:10:""pa_pr_type"";s:5:""value"";s:0:"""";s:8:""position"";s:1:""1"";s:10:""is_visible"";s:1:""1"";s:12:""is_variation"";s:1:""1"";s:11:""is_taxonomy"";s:1:""1"";}}",Uncategorized,98,http://worlddelete.ru/risitesto/wp-content/uploads/2020/04/51.jpg
5611,"Яблоки Фуджи","Яблоки Фуджи Фасованые 1 кг",584ae1eb8b6c,simple,0,фрукты,"a:1:{s:10:""pa_pr_type"";a:6:{s:4:""name"";s:10:""pa_pr_type"";s:5:""value"";s:0:"""";s:8:""position"";s:1:""1"";s:10:""is_visible"";s:1:""1"";s:12:""is_variation"";s:1:""1"";s:11:""is_taxonomy"";s:1:""1"";}}",Uncategorized,105,http://worlddelete.ru/risitesto/wp-content/uploads/2020/04/52.jpg
5612,бананы,"Бананы фасованые 1 кг",c9afbd4864b1,simple,0,фрукты,"a:1:{s:10:""pa_pr_type"";a:6:{s:4:""name"";s:10:""pa_pr_type"";s:5:""value"";s:0:"""";s:8:""position"";s:1:""0"";s:10:""is_visible"";s:1:""1"";s:12:""is_variation"";s:1:""1"";s:11:""is_taxonomy"";s:1:""1"";}}",Uncategorized,100,http://worlddelete.ru/risitesto/wp-content/uploads/2020/04/53.jpg
5613,лимон,"1 кг",9d4851946422,simple,0,фрукты,"a:1:{s:10:""pa_pr_type"";a:6:{s:4:""name"";s:10:""pa_pr_type"";s:5:""value"";s:0:"""";s:8:""position"";s:1:""1"";s:10:""is_visible"";s:1:""1"";s:12:""is_variation"";s:1:""1"";s:11:""is_taxonomy"";s:1:""1"";}}",Uncategorized,400,http://worlddelete.ru/risitesto/wp-content/uploads/2020/04/54.jpg
5614,мандарины,"1 кг",c0103c8cf0aa,simple,0,фрукты,"a:1:{s:10:""pa_pr_type"";a:6:{s:4:""name"";s:10:""pa_pr_type"";s:5:""value"";s:0:"""";s:8:""position"";s:1:""1"";s:10:""is_visible"";s:1:""1"";s:12:""is_variation"";s:1:""1"";s:11:""is_taxonomy"";s:1:""1"";}}",Uncategorized,130,http://worlddelete.ru/risitesto/wp-content/uploads/2020/04/55.jpg
5615,апельсины,"1 кг",a5af4f5bc148,simple,0,фрукты,"a:1:{s:10:""pa_pr_type"";a:6:{s:4:""name"";s:10:""pa_pr_type"";s:5:""value"";s:0:"""";s:8:""position"";s:1:""1"";s:10:""is_visible"";s:1:""1"";s:12:""is_variation"";s:1:""1"";s:11:""is_taxonomy"";s:1:""1"";}}",Uncategorized,130,http://worlddelete.ru/risitesto/wp-content/uploads/2020/04/56.jpg
5616,"перец болгарский","Фасованый 1 кг",2c6bd8935a5d,simple,0,овощи,"a:1:{s:10:""pa_pr_type"";a:6:{s:4:""name"";s:10:""pa_pr_type"";s:5:""value"";s:0:"""";s:8:""position"";s:1:""1"";s:10:""is_visible"";s:1:""1"";s:12:""is_variation"";s:1:""1"";s:11:""is_taxonomy"";s:1:""1"";}}",Uncategorized,255,http://worlddelete.ru/risitesto/wp-content/uploads/2020/04/57.jpg
5617,"зеленый лук","1 пуч",6aed856d09f2,simple,0,овощи,"a:1:{s:10:""pa_pr_type"";a:6:{s:4:""name"";s:10:""pa_pr_type"";s:5:""value"";s:0:"""";s:8:""position"";s:1:""1"";s:10:""is_visible"";s:1:""1"";s:12:""is_variation"";s:1:""1"";s:11:""is_taxonomy"";s:1:""1"";}}",Uncategorized,25,http://worlddelete.ru/risitesto/wp-content/uploads/2020/04/58.jpg
5618,петрушка,"1 пуч",898102014113,simple,0,овощи,"a:1:{s:10:""pa_pr_type"";a:6:{s:4:""name"";s:10:""pa_pr_type"";s:5:""value"";s:0:"""";s:8:""position"";s:1:""1"";s:10:""is_visible"";s:1:""1"";s:12:""is_variation"";s:1:""1"";s:11:""is_taxonomy"";s:1:""1"";}}",Uncategorized,25,http://worlddelete.ru/risitesto/wp-content/uploads/2020/04/59.jpg
5619,укроп,"1 пуч",5f6ecff053b0,simple,0,овощи,"a:1:{s:10:""pa_pr_type"";a:6:{s:4:""name"";s:10:""pa_pr_type"";s:5:""value"";s:0:"""";s:8:""position"";s:1:""1"";s:10:""is_visible"";s:1:""1"";s:12:""is_variation"";s:1:""1"";s:11:""is_taxonomy"";s:1:""1"";}}",Uncategorized,25,http://worlddelete.ru/risitesto/wp-content/uploads/2020/04/60.jpg
5775,"шашлык куриный",100гр.,018e76d5ea8e,simple,0,,,"Мангал меню",149,http://worlddelete.ru/risitesto/wp-content/uploads/2020/04/mng_1.jpg
5776,"шашлык свинина",100гр.,8cfabff95c61,simple,0,,,"Мангал меню",189,http://worlddelete.ru/risitesto/wp-content/uploads/2020/04/mng_2.jpg
5777,"шашлык из филе говядины",100гр.,1dbd418eb102,simple,0,,,"Мангал меню",259,http://worlddelete.ru/risitesto/wp-content/uploads/2020/04/mng_3.jpg
5778,"люля говядина",150гр.,bcbe4c8d8259,simple,0,,,"Мангал меню",219,http://worlddelete.ru/risitesto/wp-content/uploads/2020/04/mng_4.jpg
5779,"люля кур.филе",150гр.,ca0ffb9de91c,simple,0,,,"Мангал меню",199,http://worlddelete.ru/risitesto/wp-content/uploads/2020/04/mng_5.jpg
5780,"крылья гриль",250гр.,e3782d104846,simple,0,,,"Мангал меню",249,http://worlddelete.ru/risitesto/wp-content/uploads/2020/04/mng_9.jpg
5781,"грибы на мангале",200гр.,fc5a4207fd16,simple,0,,,"Мангал меню",219,http://worlddelete.ru/risitesto/wp-content/uploads/2020/04/mng_8.jpg
5782,"скумбрия на мангале",1шт.,f6cbeed28e79,simple,0,,,"Мангал меню",259,http://worlddelete.ru/risitesto/wp-content/uploads/2020/04/mng_6.jpg
5783,"овощи грилъ",100гр.,d25ee4228f2b,simple,0,,,"Мангал меню",199,http://worlddelete.ru/risitesto/wp-content/uploads/2020/04/mng_7.jpg
5784,лаваш,1шт.,254c577c7f11,simple,0,,,"Мангал меню",30,http://worlddelete.ru/risitesto/wp-content/uploads/2020/04/mng_10.jpg
5785,лепешка,1шт.,c64b3ae85d34,simple,0,,,"Мангал меню",35,http://worlddelete.ru/risitesto/wp-content/uploads/2020/04/mng_11.png
5894,Бонусы,"<strong>Дорогие друзья! </strong>
Наша система лояльности дает возможность получать бонусы с каждого заказа, накапливать их и использовать для оплаты вашего заказа.
<strong>Как получить бонусы?</strong>
1. Делай заказ у нас и получай от 5 до 15% на бонусный счет с каждого заказа.
2. Участвуй в ВК и Инстаграм и получай дополнительные бонусы в качестве вознаграждения.
<strong>Как можно обменять бонусы?</strong>
1. Накопите достаточное количество бонусов (минимум 500) для их использования
2. Вы можете использовать ваши бонусы для заказа, сделав заказ минимум на 1000 рублей.

<strong>1 бонус = 1 рвблю.</strong>

Проверить количество бонусов вы можете у нас в приложении, у оператора, а так же на сайте.",,simple,0,,,Акции,,http://worlddelete.ru/risitesto/wp-content/uploads/2020/05/Bonusy.jpg
6476,"Сет калифорния","<span style=""color: #000000;"">Калифорния с креветкой, калифорния с лососем ,калифорния с угрем ,калифорния с тунцом.</span>
<br>
<span style=""color: #ff0000;"">экономия 197 рублей</span>",8038947392cd,simple,0,,,Сеты,1119,http://worlddelete.ru/risitesto/wp-content/uploads/2020/06/set_california.png
6477,"Сяке сет","<span style=""color: #000000;"">Филадельфия с лососем, ролл с лососем, суши лосось 2 шт.</span>
<br>
<span style=""color: #ff0000;"">экономия 77 рублей</span>",d15d586c1456,simple,0,,,Сеты,589,http://worlddelete.ru/risitesto/wp-content/uploads/2020/06/syake_set.png
6478,"Мини маки сет","<span style=""color: #000000;"">Ролл с угрем и огурцом, ролл с огурцом, ролл с мидиями, ролл с тунцом, ролл кани спайси.</span>
<br>
<span style=""color: #ff0000;"">экономия 216 рублей</span>",73e39d6a94e4,simple,0,,,Сеты,749,http://worlddelete.ru/risitesto/wp-content/uploads/2020/06/mini_maki.png
6479,"Сырный ролл","Сыр креметте, пармезан, чеддер",0f78882715a8,simple,0,,,Роллы,199,http://worlddelete.ru/risitesto/wp-content/uploads/2020/06/cheese_roll.png
6480,"Суши с тунцом","Рис, тунец",097779fd266d,simple,0,,,Роллы,69,http://worlddelete.ru/risitesto/wp-content/uploads/2020/06/sushi_tunets.png
6481,"Калифорния тунец","Сыр креметте, огурец, авокадо, тунец",1f867a7e8655,simple,0,,,Роллы,329,http://worlddelete.ru/risitesto/wp-content/uploads/2020/06/california_tunets.png
6482,"Ролл радуга","Лосось, тунец, сыр креметте, угорь, огурец",2ff32bcdb3dd,simple,0,,,Роллы,419,http://worlddelete.ru/risitesto/wp-content/uploads/2020/06/roll_raduga.png
